{"cameraMode":{"drawMode":0,"name":"Shaded","section":"Shading Mode"},"sceneLighting":false,"audioPlay":false,"sceneViewState":{"showFog":false,"showMaterialUpdate":false,"showSkybox":false,"showFlares":true,"showImageEffects":true,"showParticleSystems":true},"in2DMode":false,"pivot":{"x":0.0,"y":0.47188642621040347,"z":0.0019282102584838868},"rotation":{"x":0.27074941992759707,"y":-0.2518538534641266,"z":0.0736171305179596,"w":0.9261992573738098},"size":7.601618766784668,"orthographic":true}