{"cameraMode":{"drawMode":0,"name":"Shaded","section":"Shading Mode"},"sceneLighting":false,"audioPlay":false,"sceneViewState":{"showFog":false,"showMaterialUpdate":false,"showSkybox":false,"showFlares":true,"showImageEffects":true,"showParticleSystems":true},"in2DMode":false,"pivot":{"x":6.974775314331055,"y":0.11000001430511475,"z":0.22999998927116395},"rotation":{"x":0.032379116863012317,"y":-0.028481146320700647,"z":0.000923054525628686,"w":0.9990693926811218},"size":5.527708530426025,"orthographic":false}