{"cameraMode":{"drawMode":0,"name":"Shaded","section":"Shading Mode"},"sceneLighting":false,"audioPlay":false,"sceneViewState":{"showFog":false,"showMaterialUpdate":false,"showSkybox":false,"showFlares":true,"showImageEffects":true,"showParticleSystems":true},"in2DMode":false,"pivot":{"x":0.12500572204589845,"y":-2.5,"z":-0.05000114440917969},"rotation":{"x":0.23701131343841554,"y":0.45249316096305849,"z":-0.12611337006092072,"w":0.850394606590271},"size":74.47469329833985,"orthographic":true}