{"cameraMode":{"drawMode":0,"name":"Shaded","section":"Shading Mode"},"sceneLighting":true,"audioPlay":false,"sceneViewState":{"showFog":false,"showMaterialUpdate":false,"showSkybox":true,"showFlares":true,"showImageEffects":true,"showParticleSystems":true},"in2DMode":false,"pivot":{"x":-0.2700004577636719,"y":0.1800854206085205,"z":0.0},"rotation":{"x":-0.20629540085792542,"y":0.7686968445777893,"z":-0.5245521664619446,"w":-0.3023119866847992},"size":167.45350646972657,"orthographic":true}