{"cameraMode":{"drawMode":0,"name":"Shaded","section":"Shading Mode"},"sceneLighting":false,"audioPlay":false,"sceneViewState":{"showFog":false,"showMaterialUpdate":false,"showSkybox":false,"showFlares":true,"showImageEffects":true,"showParticleSystems":true},"in2DMode":false,"pivot":{"x":-9.419997215270996,"y":0.11000001430511475,"z":-0.9600000381469727},"rotation":{"x":0.012896350584924221,"y":-0.014998193830251694,"z":0.00019345992768649012,"w":0.9998043775558472},"size":7.501017093658447,"orthographic":false}