{"cameraMode":{"drawMode":0,"name":"Shaded","section":"Shading Mode"},"sceneLighting":false,"audioPlay":false,"sceneViewState":{"showFog":false,"showMaterialUpdate":false,"showSkybox":false,"showFlares":true,"showImageEffects":true,"showParticleSystems":true},"in2DMode":false,"pivot":{"x":3.4183542728424074,"y":0.7718864679336548,"z":6.446537494659424},"rotation":{"x":0.5140851140022278,"y":-0.029582077637314798,"z":0.017740385606884958,"w":0.8570454120635986},"size":57.13907241821289,"orthographic":true}