{"count":1,"gauges":{},"self":260.8975872,"total":878.7662851,"children":{"AgentResetIfDone":{"count":93817,"self":1.9277396,"total":1.9277396999999998,"children":null},"AgentSendState":{"count":93817,"self":17.540113599999998,"total":171.2822773,"children":{"CollectObservations":{"count":600448,"self":4.4867608,"total":4.4867607,"children":null},"AgentInfo.ToProto":{"count":600448,"self":11.6136656,"total":149.2554026,"children":{"GenerateSensorData":{"count":600448,"self":44.0776512,"total":137.6417366,"children":{"RayPerceptionSensor.Perceive":{"count":600448,"self":93.5640832,"total":93.5640861,"children":null}}}}}}},"DecideAction":{"count":93817,"self":368.8639232,"total":368.8639296,"children":null},"AgentAct":{"count":93817,"self":75.791763199999991,"total":75.7917618,"children":null}}}